file,line,type,commit,author,date,time,timezone,datetime,depth,length
style.css,1,css,af271e14,nadinemarcus,2025-10-13,10:29:09,-07:00,2025-10-13T10:29:09-07:00,0,4
style.css,2,css,af271e14,nadinemarcus,2025-10-13,10:29:09,-07:00,2025-10-13T10:29:09-07:00,1,45
style.css,3,css,af271e14,nadinemarcus,2025-10-13,10:29:09,-07:00,2025-10-13T10:29:09-07:00,1,32
style.css,4,css,faa2de92,nadinemarcus,2025-10-13,20:40:03,-07:00,2025-10-13T20:40:03-07:00,1,23
style.css,5,css,af271e14,nadinemarcus,2025-10-13,10:29:09,-07:00,2025-10-13T10:29:09-07:00,0,0
style.css,6,css,da04a8ca,Nadine Marcus,2025-10-02,19:34:56,-05:00,2025-10-02T19:34:56-05:00,0,4
style.css,7,css,da04a8ca,Nadine Marcus,2025-10-02,19:34:56,-05:00,2025-10-02T19:34:56-05:00,1,43
style.css,8,css,da04a8ca,Nadine Marcus,2025-10-02,19:34:56,-05:00,2025-10-02T19:34:56-05:00,0,42
style.css,9,css,da04a8ca,Nadine Marcus,2025-10-02,19:34:56,-05:00,2025-10-02T19:34:56-05:00,0,0
style.css,10,css,da04a8ca,Nadine Marcus,2025-10-02,19:34:56,-05:00,2025-10-02T19:34:56-05:00,1,23
style.css,11,css,c947efd5,Nadine Marcus,2025-10-06,19:51:06,-07:00,2025-10-06T19:51:06-07:00,1,15
style.css,12,css,c947efd5,Nadine Marcus,2025-10-06,19:51:06,-07:00,2025-10-06T19:51:06-07:00,1,42
style.css,13,css,94b7ff5b,nadinemarcus,2025-10-26,16:41:58,-07:00,2025-10-26T16:41:58-07:00,1,13
style.css,14,css,faa2de92,nadinemarcus,2025-10-13,20:40:03,-07:00,2025-10-13T20:40:03-07:00,1,16
style.css,15,css,3c8d5084,Nadine Marcus,2025-10-06,20:06:50,-07:00,2025-10-06T20:06:50-07:00,0,0
style.css,16,css,3c8d5084,Nadine Marcus,2025-10-06,20:06:50,-07:00,2025-10-06T20:06:50-07:00,0,0
style.css,17,css,c947efd5,Nadine Marcus,2025-10-06,19:51:06,-07:00,2025-10-06T19:51:06-07:00,0,0
style.css,18,css,3c8d5084,Nadine Marcus,2025-10-06,20:06:50,-07:00,2025-10-06T20:06:50-07:00,0,3
style.css,19,css,3c8d5084,Nadine Marcus,2025-10-06,20:06:50,-07:00,2025-10-06T20:06:50-07:00,1,12
style.css,20,css,faa2de92,nadinemarcus,2025-10-13,20:40:03,-07:00,2025-10-13T20:40:03-07:00,1,39
style.css,21,css,faa2de92,nadinemarcus,2025-10-13,20:40:03,-07:00,2025-10-13T20:40:03-07:00,1,39
style.css,22,css,faa2de92,nadinemarcus,2025-10-13,20:40:03,-07:00,2025-10-13T20:40:03-07:00,1,43
style.css,23,css,3c8d5084,Nadine Marcus,2025-10-06,20:06:50,-07:00,2025-10-06T20:06:50-07:00,1,17
style.css,24,css,faa2de92,nadinemarcus,2025-10-13,20:40:03,-07:00,2025-10-13T20:40:03-07:00,1,0
style.css,25,css,3c8d5084,Nadine Marcus,2025-10-06,20:06:50,-07:00,2025-10-06T20:06:50-07:00,0,0
style.css,26,css,3c8d5084,Nadine Marcus,2025-10-06,20:06:50,-07:00,2025-10-06T20:06:50-07:00,0,14
style.css,27,css,3c8d5084,Nadine Marcus,2025-10-06,20:06:50,-07:00,2025-10-06T20:06:50-07:00,1,16
style.css,28,css,3c8d5084,Nadine Marcus,2025-10-06,20:06:50,-07:00,2025-10-06T20:06:50-07:00,0,0
style.css,29,css,3c8d5084,Nadine Marcus,2025-10-06,20:06:50,-07:00,2025-10-06T20:06:50-07:00,0,0
style.css,30,css,af271e14,nadinemarcus,2025-10-13,10:29:09,-07:00,2025-10-13T10:29:09-07:00,0,4
style.css,31,css,0af9e18e,Nadine Marcus,2025-10-06,20:26:39,-07:00,2025-10-06T20:26:39-07:00,0,6
style.css,32,css,0af9e18e,Nadine Marcus,2025-10-06,20:26:39,-07:00,2025-10-06T20:26:39-07:00,0,19
style.css,33,css,0af9e18e,Nadine Marcus,2025-10-06,20:26:39,-07:00,2025-10-06T20:26:39-07:00,0,13
style.css,34,css,0af9e18e,Nadine Marcus,2025-10-06,20:26:39,-07:00,2025-10-06T20:26:39-07:00,0,17
style.css,35,css,0af9e18e,Nadine Marcus,2025-10-06,20:26:39,-07:00,2025-10-06T20:26:39-07:00,0,13
style.css,36,css,0af9e18e,Nadine Marcus,2025-10-06,20:26:39,-07:00,2025-10-06T20:26:39-07:00,0,0
style.css,37,css,af271e14,nadinemarcus,2025-10-13,10:29:09,-07:00,2025-10-13T10:29:09-07:00,0,0
style.css,38,css,af271e14,nadinemarcus,2025-10-13,10:29:09,-07:00,2025-10-13T10:29:09-07:00,0,13
style.css,39,css,faa2de92,nadinemarcus,2025-10-13,20:40:03,-07:00,2025-10-13T20:40:03-07:00,1,45
style.css,40,css,af271e14,nadinemarcus,2025-10-13,10:29:09,-07:00,2025-10-13T10:29:09-07:00,0,0
style.css,41,css,af271e14,nadinemarcus,2025-10-13,10:29:09,-07:00,2025-10-13T10:29:09-07:00,0,0
style.css,42,css,af271e14,nadinemarcus,2025-10-13,10:29:09,-07:00,2025-10-13T10:29:09-07:00,0,11
style.css,43,css,af271e14,nadinemarcus,2025-10-13,10:29:09,-07:00,2025-10-13T10:29:09-07:00,1,45
style.css,44,css,faa2de92,nadinemarcus,2025-10-13,20:40:03,-07:00,2025-10-13T20:40:03-07:00,1,69
style.css,45,css,af271e14,nadinemarcus,2025-10-13,10:29:09,-07:00,2025-10-13T10:29:09-07:00,0,0
style.css,46,css,af271e14,nadinemarcus,2025-10-13,10:29:09,-07:00,2025-10-13T10:29:09-07:00,0,0
style.css,47,css,af271e14,nadinemarcus,2025-10-13,10:29:09,-07:00,2025-10-13T10:29:09-07:00,0,4
style.css,48,css,af271e14,nadinemarcus,2025-10-13,10:29:09,-07:00,2025-10-13T10:29:09-07:00,1,12
style.css,49,css,af271e14,nadinemarcus,2025-10-13,10:29:09,-07:00,2025-10-13T10:29:09-07:00,1,12
style.css,50,css,af271e14,nadinemarcus,2025-10-13,10:29:09,-07:00,2025-10-13T10:29:09-07:00,1,30
style.css,51,css,af271e14,nadinemarcus,2025-10-13,10:29:09,-07:00,2025-10-13T10:29:09-07:00,1,10
style.css,52,css,af271e14,nadinemarcus,2025-10-13,10:29:09,-07:00,2025-10-13T10:29:09-07:00,1,6
style.css,53,css,af271e14,nadinemarcus,2025-10-13,10:29:09,-07:00,2025-10-13T10:29:09-07:00,0,0
style.css,54,css,af271e14,nadinemarcus,2025-10-13,10:29:09,-07:00,2025-10-13T10:29:09-07:00,0,0
style.css,55,css,af271e14,nadinemarcus,2025-10-13,10:29:09,-07:00,2025-10-13T10:29:09-07:00,0,5
style.css,56,css,af271e14,nadinemarcus,2025-10-13,10:29:09,-07:00,2025-10-13T10:29:09-07:00,1,16
style.css,57,css,af271e14,nadinemarcus,2025-10-13,10:29:09,-07:00,2025-10-13T10:29:09-07:00,1,29
style.css,58,css,af271e14,nadinemarcus,2025-10-13,10:29:09,-07:00,2025-10-13T10:29:09-07:00,1,19
style.css,59,css,af271e14,nadinemarcus,2025-10-13,10:29:09,-07:00,2025-10-13T10:29:09-07:00,0,0
style.css,60,css,af271e14,nadinemarcus,2025-10-13,10:29:09,-07:00,2025-10-13T10:29:09-07:00,0,0
style.css,61,css,af271e14,nadinemarcus,2025-10-13,10:29:09,-07:00,2025-10-13T10:29:09-07:00,0,6
style.css,62,css,af271e14,nadinemarcus,2025-10-13,10:29:09,-07:00,2025-10-13T10:29:09-07:00,1,18
style.css,63,css,af271e14,nadinemarcus,2025-10-13,10:29:09,-07:00,2025-10-13T10:29:09-07:00,0,0
style.css,64,css,af271e14,nadinemarcus,2025-10-13,10:29:09,-07:00,2025-10-13T10:29:09-07:00,0,0
style.css,65,css,af271e14,nadinemarcus,2025-10-13,10:29:09,-07:00,2025-10-13T10:29:09-07:00,0,0
style.css,66,css,af271e14,nadinemarcus,2025-10-13,10:29:09,-07:00,2025-10-13T10:29:09-07:00,0,9
style.css,67,css,af271e14,nadinemarcus,2025-10-13,10:29:09,-07:00,2025-10-13T10:29:09-07:00,1,11
style.css,68,css,af271e14,nadinemarcus,2025-10-13,10:29:09,-07:00,2025-10-13T10:29:09-07:00,1,58
style.css,69,css,af271e14,nadinemarcus,2025-10-13,10:29:09,-07:00,2025-10-13T10:29:09-07:00,1,7
style.css,70,css,af271e14,nadinemarcus,2025-10-13,10:29:09,-07:00,2025-10-13T10:29:09-07:00,1,0
style.css,71,css,af271e14,nadinemarcus,2025-10-13,10:29:09,-07:00,2025-10-13T10:29:09-07:00,0,17
style.css,72,css,af271e14,nadinemarcus,2025-10-13,10:29:09,-07:00,2025-10-13T10:29:09-07:00,1,12
style.css,73,css,af271e14,nadinemarcus,2025-10-13,10:29:09,-07:00,2025-10-13T10:29:09-07:00,1,26
style.css,74,css,af271e14,nadinemarcus,2025-10-13,10:29:09,-07:00,2025-10-13T10:29:09-07:00,1,15
style.css,75,css,af271e14,nadinemarcus,2025-10-13,10:29:09,-07:00,2025-10-13T10:29:09-07:00,1,7
style.css,76,css,af271e14,nadinemarcus,2025-10-13,10:29:09,-07:00,2025-10-13T10:29:09-07:00,0,0
style.css,77,css,af271e14,nadinemarcus,2025-10-13,10:29:09,-07:00,2025-10-13T10:29:09-07:00,0,12
style.css,78,css,af271e14,nadinemarcus,2025-10-13,10:29:09,-07:00,2025-10-13T10:29:09-07:00,1,8
style.css,79,css,af271e14,nadinemarcus,2025-10-13,10:29:09,-07:00,2025-10-13T10:29:09-07:00,0,0
style.css,80,css,94b7ff5b,nadinemarcus,2025-10-26,16:41:58,-07:00,2025-10-26T16:41:58-07:00,0,13
style.css,81,css,94b7ff5b,nadinemarcus,2025-10-26,16:41:58,-07:00,2025-10-26T16:41:58-07:00,1,10
style.css,82,css,94b7ff5b,nadinemarcus,2025-10-26,16:41:58,-07:00,2025-10-26T16:41:58-07:00,1,12
style.css,83,css,94b7ff5b,nadinemarcus,2025-10-26,16:41:58,-07:00,2025-10-26T16:41:58-07:00,1,16
style.css,84,css,94b7ff5b,nadinemarcus,2025-10-26,16:41:58,-07:00,2025-10-26T16:41:58-07:00,1,20
style.css,85,css,94b7ff5b,nadinemarcus,2025-10-26,16:41:58,-07:00,2025-10-26T16:41:58-07:00,1,20
style.css,86,css,94b7ff5b,nadinemarcus,2025-10-26,16:41:58,-07:00,2025-10-26T16:41:58-07:00,0,0
style.css,87,css,af271e14,nadinemarcus,2025-10-13,10:29:09,-07:00,2025-10-13T10:29:09-07:00,0,0
style.css,88,css,af271e14,nadinemarcus,2025-10-13,10:29:09,-07:00,2025-10-13T10:29:09-07:00,0,2
style.css,89,css,af271e14,nadinemarcus,2025-10-13,10:29:09,-07:00,2025-10-13T10:29:09-07:00,1,14
style.css,90,css,af271e14,nadinemarcus,2025-10-13,10:29:09,-07:00,2025-10-13T10:29:09-07:00,1,15
style.css,91,css,af271e14,nadinemarcus,2025-10-13,10:29:09,-07:00,2025-10-13T10:29:09-07:00,1,17
style.css,92,css,af271e14,nadinemarcus,2025-10-13,10:29:09,-07:00,2025-10-13T10:29:09-07:00,0,0
style.css,93,css,af271e14,nadinemarcus,2025-10-13,10:29:09,-07:00,2025-10-13T10:29:09-07:00,0,0
style.css,94,css,af271e14,nadinemarcus,2025-10-13,10:29:09,-07:00,2025-10-13T10:29:09-07:00,0,1
style.css,95,css,af271e14,nadinemarcus,2025-10-13,10:29:09,-07:00,2025-10-13T10:29:09-07:00,0,1
style.css,96,css,af271e14,nadinemarcus,2025-10-13,10:29:09,-07:00,2025-10-13T10:29:09-07:00,0,1
style.css,97,css,af271e14,nadinemarcus,2025-10-13,10:29:09,-07:00,2025-10-13T10:29:09-07:00,0,1
style.css,98,css,af271e14,nadinemarcus,2025-10-13,10:29:09,-07:00,2025-10-13T10:29:09-07:00,0,2
style.css,99,css,af271e14,nadinemarcus,2025-10-13,10:29:09,-07:00,2025-10-13T10:29:09-07:00,1,15
style.css,100,css,af271e14,nadinemarcus,2025-10-13,10:29:09,-07:00,2025-10-13T10:29:09-07:00,1,17
style.css,101,css,af271e14,nadinemarcus,2025-10-13,10:29:09,-07:00,2025-10-13T10:29:09-07:00,0,0
style.css,102,css,af271e14,nadinemarcus,2025-10-13,10:29:09,-07:00,2025-10-13T10:29:09-07:00,0,0
style.css,103,css,af271e14,nadinemarcus,2025-10-13,10:29:09,-07:00,2025-10-13T10:29:09-07:00,0,7
style.css,104,css,af271e14,nadinemarcus,2025-10-13,10:29:09,-07:00,2025-10-13T10:29:09-07:00,1,17
style.css,105,css,af271e14,nadinemarcus,2025-10-13,10:29:09,-07:00,2025-10-13T10:29:09-07:00,1,14
style.css,106,css,af271e14,nadinemarcus,2025-10-13,10:29:09,-07:00,2025-10-13T10:29:09-07:00,0,0
style.css,107,css,af271e14,nadinemarcus,2025-10-13,10:29:09,-07:00,2025-10-13T10:29:09-07:00,0,0
style.css,108,css,af271e14,nadinemarcus,2025-10-13,10:29:09,-07:00,2025-10-13T10:29:09-07:00,0,9
style.css,109,css,af271e14,nadinemarcus,2025-10-13,10:29:09,-07:00,2025-10-13T10:29:09-07:00,2,14
style.css,110,css,af271e14,nadinemarcus,2025-10-13,10:29:09,-07:00,2025-10-13T10:29:09-07:00,2,16
style.css,111,css,af271e14,nadinemarcus,2025-10-13,10:29:09,-07:00,2025-10-13T10:29:09-07:00,0,0
style.css,112,css,af271e14,nadinemarcus,2025-10-13,10:29:09,-07:00,2025-10-13T10:29:09-07:00,0,0
style.css,113,css,af271e14,nadinemarcus,2025-10-13,10:29:09,-07:00,2025-10-13T10:29:09-07:00,0,14
style.css,114,css,af271e14,nadinemarcus,2025-10-13,10:29:09,-07:00,2025-10-13T10:29:09-07:00,1,13
style.css,115,css,af271e14,nadinemarcus,2025-10-13,10:29:09,-07:00,2025-10-13T10:29:09-07:00,1,10
style.css,116,css,af271e14,nadinemarcus,2025-10-13,10:29:09,-07:00,2025-10-13T10:29:09-07:00,1,11
style.css,117,css,af271e14,nadinemarcus,2025-10-13,10:29:09,-07:00,2025-10-13T10:29:09-07:00,1,34
style.css,118,css,af271e14,nadinemarcus,2025-10-13,10:29:09,-07:00,2025-10-13T10:29:09-07:00,1,17
style.css,119,css,af271e14,nadinemarcus,2025-10-13,10:29:09,-07:00,2025-10-13T10:29:09-07:00,1,18
style.css,120,css,af271e14,nadinemarcus,2025-10-13,10:29:09,-07:00,2025-10-13T10:29:09-07:00,0,0
style.css,121,css,af271e14,nadinemarcus,2025-10-13,10:29:09,-07:00,2025-10-13T10:29:09-07:00,0,0
style.css,122,css,af271e14,nadinemarcus,2025-10-13,10:29:09,-07:00,2025-10-13T10:29:09-07:00,0,2
style.css,123,css,faa2de92,nadinemarcus,2025-10-13,20:40:03,-07:00,2025-10-13T20:40:03-07:00,1,14
style.css,124,css,af271e14,nadinemarcus,2025-10-13,10:29:09,-07:00,2025-10-13T10:29:09-07:00,1,11
style.css,125,css,faa2de92,nadinemarcus,2025-10-13,20:40:03,-07:00,2025-10-13T20:40:03-07:00,0,0
style.css,126,css,94b7ff5b,nadinemarcus,2025-10-26,16:41:58,-07:00,2025-10-26T16:41:58-07:00,0,0
style.css,127,css,94b7ff5b,nadinemarcus,2025-10-26,16:41:58,-07:00,2025-10-26T16:41:58-07:00,0,14
style.css,128,css,94b7ff5b,nadinemarcus,2025-10-26,16:41:58,-07:00,2025-10-26T16:41:58-07:00,1,15
style.css,129,css,94b7ff5b,nadinemarcus,2025-10-26,16:41:58,-07:00,2025-10-26T16:41:58-07:00,1,11
style.css,130,css,94b7ff5b,nadinemarcus,2025-10-26,16:41:58,-07:00,2025-10-26T16:41:58-07:00,1,34
style.css,131,css,94b7ff5b,nadinemarcus,2025-10-26,16:41:58,-07:00,2025-10-26T16:41:58-07:00,1,17
style.css,132,css,94b7ff5b,nadinemarcus,2025-10-26,16:41:58,-07:00,2025-10-26T16:41:58-07:00,1,15
style.css,133,css,94b7ff5b,nadinemarcus,2025-10-26,16:41:58,-07:00,2025-10-26T16:41:58-07:00,1,15
style.css,134,css,94b7ff5b,nadinemarcus,2025-10-26,16:41:58,-07:00,2025-10-26T16:41:58-07:00,0,0
style.css,135,css,94b7ff5b,nadinemarcus,2025-10-26,16:41:58,-07:00,2025-10-26T16:41:58-07:00,0,0
style.css,136,css,94b7ff5b,nadinemarcus,2025-10-26,16:41:58,-07:00,2025-10-26T16:41:58-07:00,0,17
style.css,137,css,94b7ff5b,nadinemarcus,2025-10-26,16:41:58,-07:00,2025-10-26T16:41:58-07:00,1,12
style.css,138,css,94b7ff5b,nadinemarcus,2025-10-26,16:41:58,-07:00,2025-10-26T16:41:58-07:00,1,17
style.css,139,css,94b7ff5b,nadinemarcus,2025-10-26,16:41:58,-07:00,2025-10-26T16:41:58-07:00,0,0
style.css,140,css,94b7ff5b,nadinemarcus,2025-10-26,16:41:58,-07:00,2025-10-26T16:41:58-07:00,0,0
style.css,141,css,94b7ff5b,nadinemarcus,2025-10-26,16:41:58,-07:00,2025-10-26T16:41:58-07:00,0,17
style.css,142,css,94b7ff5b,nadinemarcus,2025-10-26,16:41:58,-07:00,2025-10-26T16:41:58-07:00,1,12
style.css,143,css,94b7ff5b,nadinemarcus,2025-10-26,16:41:58,-07:00,2025-10-26T16:41:58-07:00,1,30
style.css,144,css,94b7ff5b,nadinemarcus,2025-10-26,16:41:58,-07:00,2025-10-26T16:41:58-07:00,1,13
style.css,145,css,94b7ff5b,nadinemarcus,2025-10-26,16:41:58,-07:00,2025-10-26T16:41:58-07:00,1,8
style.css,146,css,94b7ff5b,nadinemarcus,2025-10-26,16:41:58,-07:00,2025-10-26T16:41:58-07:00,0,0
style.css,147,css,94b7ff5b,nadinemarcus,2025-10-26,16:41:58,-07:00,2025-10-26T16:41:58-07:00,0,0
style.css,148,css,94b7ff5b,nadinemarcus,2025-10-26,16:41:58,-07:00,2025-10-26T16:41:58-07:00,0,17
style.css,149,css,94b7ff5b,nadinemarcus,2025-10-26,16:41:58,-07:00,2025-10-26T16:41:58-07:00,1,16
style.css,150,css,94b7ff5b,nadinemarcus,2025-10-26,16:41:58,-07:00,2025-10-26T16:41:58-07:00,0,0
style.css,151,css,94b7ff5b,nadinemarcus,2025-10-26,16:41:58,-07:00,2025-10-26T16:41:58-07:00,0,0
style.css,152,css,94b7ff5b,nadinemarcus,2025-10-26,16:41:58,-07:00,2025-10-26T16:41:58-07:00,0,17
style.css,153,css,94b7ff5b,nadinemarcus,2025-10-26,16:41:58,-07:00,2025-10-26T16:41:58-07:00,1,8
style.css,154,css,003a020e,nadinemarcus,2025-10-27,20:51:54,-07:00,2025-10-27T20:51:54-07:00,0,0
style.css,155,css,003a020e,nadinemarcus,2025-10-27,20:51:54,-07:00,2025-10-27T20:51:54-07:00,0,0
style.css,156,css,003a020e,nadinemarcus,2025-10-27,20:51:54,-07:00,2025-10-27T20:51:54-07:00,0,10
style.css,157,css,003a020e,nadinemarcus,2025-10-27,20:51:54,-07:00,2025-10-27T20:51:54-07:00,1,28
style.css,158,css,003a020e,nadinemarcus,2025-10-27,20:51:54,-07:00,2025-10-27T20:51:54-07:00,1,14
style.css,159,css,003a020e,nadinemarcus,2025-10-27,20:51:54,-07:00,2025-10-27T20:51:54-07:00,1,21
style.css,160,css,003a020e,nadinemarcus,2025-10-27,20:51:54,-07:00,2025-10-27T20:51:54-07:00,1,16
style.css,161,css,003a020e,nadinemarcus,2025-10-27,20:51:54,-07:00,2025-10-27T20:51:54-07:00,0,0
style.css,162,css,003a020e,nadinemarcus,2025-10-27,20:51:54,-07:00,2025-10-27T20:51:54-07:00,0,0
style.css,163,css,003a020e,nadinemarcus,2025-10-27,20:51:54,-07:00,2025-10-27T20:51:54-07:00,0,18
style.css,164,css,003a020e,nadinemarcus,2025-10-27,20:51:54,-07:00,2025-10-27T20:51:54-07:00,1,14
style.css,165,css,003a020e,nadinemarcus,2025-10-27,20:51:54,-07:00,2025-10-27T20:51:54-07:00,1,16
style.css,166,css,003a020e,nadinemarcus,2025-10-27,20:51:54,-07:00,2025-10-27T20:51:54-07:00,0,0
style.css,167,css,003a020e,nadinemarcus,2025-10-27,20:51:54,-07:00,2025-10-27T20:51:54-07:00,1,16
style.css,168,css,003a020e,nadinemarcus,2025-10-27,20:51:54,-07:00,2025-10-27T20:51:54-07:00,0,0
style.css,169,css,003a020e,nadinemarcus,2025-10-27,20:51:54,-07:00,2025-10-27T20:51:54-07:00,0,0
style.css,170,css,003a020e,nadinemarcus,2025-10-27,20:51:54,-07:00,2025-10-27T20:51:54-07:00,0,7
style.css,171,css,003a020e,nadinemarcus,2025-10-27,20:51:54,-07:00,2025-10-27T20:51:54-07:00,1,12
style.css,172,css,003a020e,nadinemarcus,2025-10-27,20:51:54,-07:00,2025-10-27T20:51:54-07:00,1,57
style.css,173,css,003a020e,nadinemarcus,2025-10-27,20:51:54,-07:00,2025-10-27T20:51:54-07:00,1,15
style.css,174,css,003a020e,nadinemarcus,2025-10-27,20:51:54,-07:00,2025-10-27T20:51:54-07:00,1,11
style.css,175,css,003a020e,nadinemarcus,2025-10-27,20:51:54,-07:00,2025-10-27T20:51:54-07:00,1,12
style.css,176,css,003a020e,nadinemarcus,2025-10-27,20:51:54,-07:00,2025-10-27T20:51:54-07:00,1,9
style.css,177,css,003a020e,nadinemarcus,2025-10-27,20:51:54,-07:00,2025-10-27T20:51:54-07:00,0,0
style.css,178,css,003a020e,nadinemarcus,2025-10-27,20:51:54,-07:00,2025-10-27T20:51:54-07:00,1,35
style.css,179,css,003a020e,nadinemarcus,2025-10-27,20:51:54,-07:00,2025-10-27T20:51:54-07:00,1,53
style.css,180,css,003a020e,nadinemarcus,2025-10-27,20:51:54,-07:00,2025-10-27T20:51:54-07:00,1,40
style.css,181,css,003a020e,nadinemarcus,2025-10-27,20:51:54,-07:00,2025-10-27T20:51:54-07:00,0,0
style.css,182,css,003a020e,nadinemarcus,2025-10-27,20:51:54,-07:00,2025-10-27T20:51:54-07:00,0,0
style.css,183,css,003a020e,nadinemarcus,2025-10-27,20:51:54,-07:00,2025-10-27T20:51:54-07:00,0,10
style.css,184,css,003a020e,nadinemarcus,2025-10-27,20:51:54,-07:00,2025-10-27T20:51:54-07:00,1,12
style.css,185,css,003a020e,nadinemarcus,2025-10-27,20:51:54,-07:00,2025-10-27T20:51:54-07:00,1,57
style.css,186,css,003a020e,nadinemarcus,2025-10-27,20:51:54,-07:00,2025-10-27T20:51:54-07:00,1,18
style.css,187,css,003a020e,nadinemarcus,2025-10-27,20:51:54,-07:00,2025-10-27T20:51:54-07:00,1,9
style.css,188,css,003a020e,nadinemarcus,2025-10-27,20:51:54,-07:00,2025-10-27T20:51:54-07:00,0,0
style.css,189,css,003a020e,nadinemarcus,2025-10-27,20:51:54,-07:00,2025-10-27T20:51:54-07:00,0,0
style.css,190,css,003a020e,nadinemarcus,2025-10-27,20:51:54,-07:00,2025-10-27T20:51:54-07:00,0,15
style.css,191,css,003a020e,nadinemarcus,2025-10-27,20:51:54,-07:00,2025-10-27T20:51:54-07:00,1,9
style.css,192,css,003a020e,nadinemarcus,2025-10-27,20:51:54,-07:00,2025-10-27T20:51:54-07:00,1,10
style.css,193,css,003a020e,nadinemarcus,2025-10-27,20:51:54,-07:00,2025-10-27T20:51:54-07:00,1,18
style.css,194,css,003a020e,nadinemarcus,2025-10-27,20:51:54,-07:00,2025-10-27T20:51:54-07:00,1,20
style.css,195,css,003a020e,nadinemarcus,2025-10-27,20:51:54,-07:00,2025-10-27T20:51:54-07:00,1,43
style.css,196,css,003a020e,nadinemarcus,2025-10-27,20:51:54,-07:00,2025-10-27T20:51:54-07:00,1,29
style.css,197,css,003a020e,nadinemarcus,2025-10-27,20:51:54,-07:00,2025-10-27T20:51:54-07:00,0,0
style.css,198,css,003a020e,nadinemarcus,2025-10-27,20:51:54,-07:00,2025-10-27T20:51:54-07:00,0,0
style.css,199,css,003a020e,nadinemarcus,2025-10-27,20:51:54,-07:00,2025-10-27T20:51:54-07:00,0,10
style.css,200,css,003a020e,nadinemarcus,2025-10-27,20:51:54,-07:00,2025-10-27T20:51:54-07:00,1,12
style.css,201,css,003a020e,nadinemarcus,2025-10-27,20:51:54,-07:00,2025-10-27T20:51:54-07:00,1,18
style.css,202,css,003a020e,nadinemarcus,2025-10-27,20:51:54,-07:00,2025-10-27T20:51:54-07:00,1,7
style.css,203,css,003a020e,nadinemarcus,2025-10-27,20:51:54,-07:00,2025-10-27T20:51:54-07:00,1,14
style.css,204,css,003a020e,nadinemarcus,2025-10-27,20:51:54,-07:00,2025-10-27T20:51:54-07:00,1,22
style.css,205,css,003a020e,nadinemarcus,2025-10-27,20:51:54,-07:00,2025-10-27T20:51:54-07:00,1,16
style.css,206,css,003a020e,nadinemarcus,2025-10-27,20:51:54,-07:00,2025-10-27T20:51:54-07:00,0,0
style.css,207,css,003a020e,nadinemarcus,2025-10-27,20:51:54,-07:00,2025-10-27T20:51:54-07:00,0,0
style.css,208,css,003a020e,nadinemarcus,2025-10-27,20:51:54,-07:00,2025-10-27T20:51:54-07:00,0,18
style.css,209,css,003a020e,nadinemarcus,2025-10-27,20:51:54,-07:00,2025-10-27T20:51:54-07:00,1,6
style.css,210,css,003a020e,nadinemarcus,2025-10-27,20:51:54,-07:00,2025-10-27T20:51:54-07:00,1,14
style.css,211,css,003a020e,nadinemarcus,2025-10-27,20:51:54,-07:00,2025-10-27T20:51:54-07:00,0,0
style.css,212,css,003a020e,nadinemarcus,2025-10-27,20:51:54,-07:00,2025-10-27T20:51:54-07:00,0,0
style.css,213,css,003a020e,nadinemarcus,2025-10-27,20:51:54,-07:00,2025-10-27T20:51:54-07:00,0,10
style.css,214,css,003a020e,nadinemarcus,2025-10-27,20:51:54,-07:00,2025-10-27T20:51:54-07:00,1,13
style.css,215,css,003a020e,nadinemarcus,2025-10-27,20:51:54,-07:00,2025-10-27T20:51:54-07:00,1,10
style.css,216,css,003a020e,nadinemarcus,2025-10-27,20:51:54,-07:00,2025-10-27T20:51:54-07:00,1,15
style.css,217,css,003a020e,nadinemarcus,2025-10-27,20:51:54,-07:00,2025-10-27T20:51:54-07:00,1,21
style.css,218,css,003a020e,nadinemarcus,2025-10-27,20:51:54,-07:00,2025-10-27T20:51:54-07:00,1,20
style.css,219,css,003a020e,nadinemarcus,2025-10-27,20:51:54,-07:00,2025-10-27T20:51:54-07:00,1,14
style.css,220,css,003a020e,nadinemarcus,2025-10-27,20:51:54,-07:00,2025-10-27T20:51:54-07:00,1,21
style.css,221,css,003a020e,nadinemarcus,2025-10-27,20:51:54,-07:00,2025-10-27T20:51:54-07:00,1,17
style.css,222,css,003a020e,nadinemarcus,2025-10-27,20:51:54,-07:00,2025-10-27T20:51:54-07:00,0,0
style.css,223,css,003a020e,nadinemarcus,2025-10-27,20:51:54,-07:00,2025-10-27T20:51:54-07:00,0,0
style.css,224,css,003a020e,nadinemarcus,2025-10-27,20:51:54,-07:00,2025-10-27T20:51:54-07:00,0,17
style.css,225,css,003a020e,nadinemarcus,2025-10-27,20:51:54,-07:00,2025-10-27T20:51:54-07:00,1,16
style.css,226,css,003a020e,nadinemarcus,2025-10-27,20:51:54,-07:00,2025-10-27T20:51:54-07:00,2,11
style.css,227,css,003a020e,nadinemarcus,2025-10-27,20:51:54,-07:00,2025-10-27T20:51:54-07:00,1,0
style.css,228,css,003a020e,nadinemarcus,2025-10-27,20:51:54,-07:00,2025-10-27T20:51:54-07:00,0,0
style.css,229,css,003a020e,nadinemarcus,2025-10-27,20:51:54,-07:00,2025-10-27T20:51:54-07:00,0,0
style.css,230,css,003a020e,nadinemarcus,2025-10-27,20:51:54,-07:00,2025-10-27T20:51:54-07:00,0,4
style.css,231,css,003a020e,nadinemarcus,2025-10-27,20:51:54,-07:00,2025-10-27T20:51:54-07:00,1,16
style.css,232,css,003a020e,nadinemarcus,2025-10-27,20:51:54,-07:00,2025-10-27T20:51:54-07:00,0,0
style.css,233,css,003a020e,nadinemarcus,2025-10-27,20:51:54,-07:00,2025-10-27T20:51:54-07:00,0,0
style.css,234,css,003a020e,nadinemarcus,2025-10-27,20:51:54,-07:00,2025-10-27T20:51:54-07:00,0,9
style.css,235,css,003a020e,nadinemarcus,2025-10-27,20:51:54,-07:00,2025-10-27T20:51:54-07:00,1,35
style.css,236,css,003a020e,nadinemarcus,2025-10-27,20:51:54,-07:00,2025-10-27T20:51:54-07:00,0,0
style.css,237,css,003a020e,nadinemarcus,2025-10-27,20:51:54,-07:00,2025-10-27T20:51:54-07:00,1,10
style.css,238,css,003a020e,nadinemarcus,2025-10-27,20:51:54,-07:00,2025-10-27T20:51:54-07:00,2,17
style.css,239,css,003a020e,nadinemarcus,2025-10-27,20:51:54,-07:00,2025-10-27T20:51:54-07:00,1,0
style.css,240,css,003a020e,nadinemarcus,2025-10-27,20:51:54,-07:00,2025-10-27T20:51:54-07:00,0,0
style.css,241,css,003a020e,nadinemarcus,2025-10-27,20:51:54,-07:00,2025-10-27T20:51:54-07:00,0,0
style.css,242,css,003a020e,nadinemarcus,2025-10-27,20:51:54,-07:00,2025-10-27T20:51:54-07:00,0,4
style.css,243,css,003a020e,nadinemarcus,2025-10-27,20:51:54,-07:00,2025-10-27T20:51:54-07:00,1,14
style.css,244,css,94b7ff5b,nadinemarcus,2025-10-26,16:41:58,-07:00,2025-10-26T16:41:58-07:00,0,0
index.js,1,js,a219acc9,nadinemarcus,2025-10-24,21:16:46,-07:00,2025-10-24T21:16:46-07:00,0,71
index.js,2,js,a219acc9,nadinemarcus,2025-10-24,21:16:46,-07:00,2025-10-24T21:16:46-07:00,0,0
index.js,3,js,a219acc9,nadinemarcus,2025-10-24,21:16:46,-07:00,2025-10-24T21:16:46-07:00,0,55
index.js,4,js,a219acc9,nadinemarcus,2025-10-24,21:16:46,-07:00,2025-10-24T21:16:46-07:00,0,42
index.js,5,js,a219acc9,nadinemarcus,2025-10-24,21:16:46,-07:00,2025-10-24T21:16:46-07:00,0,0
index.js,6,js,a219acc9,nadinemarcus,2025-10-24,21:16:46,-07:00,2025-10-24T21:16:46-07:00,0,60
index.js,7,js,a219acc9,nadinemarcus,2025-10-24,21:16:46,-07:00,2025-10-24T21:16:46-07:00,0,0
index.js,8,js,a219acc9,nadinemarcus,2025-10-24,21:16:46,-07:00,2025-10-24T21:16:46-07:00,0,0
index.js,9,js,a219acc9,nadinemarcus,2025-10-24,21:16:46,-07:00,2025-10-24T21:16:46-07:00,0,54
index.js,10,js,a219acc9,nadinemarcus,2025-10-24,21:16:46,-07:00,2025-10-24T21:16:46-07:00,0,58
index.js,11,js,a219acc9,nadinemarcus,2025-10-24,21:16:46,-07:00,2025-10-24T21:16:46-07:00,0,60
index.js,12,js,a219acc9,nadinemarcus,2025-10-24,21:16:46,-07:00,2025-10-24T21:16:46-07:00,0,0
index.js,13,js,a219acc9,nadinemarcus,2025-10-24,21:16:46,-07:00,2025-10-24T21:16:46-07:00,0,17
index.js,14,js,a219acc9,nadinemarcus,2025-10-24,21:16:46,-07:00,2025-10-24T21:16:46-07:00,1,24
index.js,15,js,94b7ff5b,nadinemarcus,2025-10-26,16:41:58,-07:00,2025-10-26T16:41:58-07:00,2,29
index.js,16,js,a219acc9,nadinemarcus,2025-10-24,21:16:46,-07:00,2025-10-24T21:16:46-07:00,4,2
index.js,17,js,a219acc9,nadinemarcus,2025-10-24,21:16:46,-07:00,2025-10-24T21:16:46-07:00,5,55
index.js,18,js,a219acc9,nadinemarcus,2025-10-24,21:16:46,-07:00,2025-10-24T21:16:46-07:00,5,55
index.js,19,js,a219acc9,nadinemarcus,2025-10-24,21:16:46,-07:00,2025-10-24T21:16:46-07:00,5,49
index.js,20,js,a219acc9,nadinemarcus,2025-10-24,21:16:46,-07:00,2025-10-24T21:16:46-07:00,5,49
index.js,21,js,a219acc9,nadinemarcus,2025-10-24,21:16:46,-07:00,2025-10-24T21:16:46-07:00,4,3
index.js,22,js,94b7ff5b,nadinemarcus,2025-10-26,16:41:58,-07:00,2025-10-26T16:41:58-07:00,2,8
index.js,23,js,94b7ff5b,nadinemarcus,2025-10-26,16:41:58,-07:00,2025-10-26T16:41:58-07:00,4,0
index.js,24,js,a219acc9,nadinemarcus,2025-10-24,21:16:46,-07:00,2025-10-24T21:16:46-07:00,0,0
index.html,1,html,8a871f8,Nadine Marcus,2025-10-02,19:18:13,-05:00,2025-10-02T19:18:13-05:00,0,13
index.html,2,html,8a871f8,Nadine Marcus,2025-10-02,19:18:13,-05:00,2025-10-02T19:18:13-05:00,0,14
index.html,3,html,8a871f8,Nadine Marcus,2025-10-02,19:18:13,-05:00,2025-10-02T19:18:13-05:00,0,4
index.html,4,html,8a871f8,Nadine Marcus,2025-10-02,19:18:13,-05:00,2025-10-02T19:18:13-05:00,2,20
index.html,5,html,8a871f8,Nadine Marcus,2025-10-02,19:18:13,-05:00,2025-10-02T19:18:13-05:00,2,68
index.html,6,html,8a871f8,Nadine Marcus,2025-10-02,19:18:13,-05:00,2025-10-02T19:18:13-05:00,2,55
index.html,7,html,69d1e77d,nadinemarcus,2025-10-26,16:23:56,-07:00,2025-10-26T16:23:56-07:00,2,42
index.html,8,html,d02aa078,nadinemarcus,2025-10-26,15:52:49,-07:00,2025-10-26T15:52:49-07:00,2,47
index.html,9,html,69d1e77d,nadinemarcus,2025-10-26,16:23:56,-07:00,2025-10-26T16:23:56-07:00,2,52
index.html,10,html,8a871f8,Nadine Marcus,2025-10-02,19:18:13,-05:00,2025-10-02T19:18:13-05:00,0,5
index.html,11,html,8a871f8,Nadine Marcus,2025-10-02,19:18:13,-05:00,2025-10-02T19:18:13-05:00,0,4
index.html,12,html,f6f9c33a,Nadine Marcus,2025-10-02,20:09:25,-05:00,2025-10-02T20:09:25-05:00,0,0
index.html,13,html,8a871f8,Nadine Marcus,2025-10-02,19:18:13,-05:00,2025-10-02T19:18:13-05:00,2,20
index.html,14,html,d02aa078,nadinemarcus,2025-10-26,15:52:49,-07:00,2025-10-26T15:52:49-07:00,2,81
index.html,15,html,8882bc7f,Nadine Marcus,2025-10-02,19:34:11,-05:00,2025-10-02T19:34:11-05:00,0,0
index.html,16,html,45e25851,Nadine Marcus,2025-10-02,20:02:08,-05:00,2025-10-02T20:02:08-05:00,2,2
index.html,17,html,69d1e77d,nadinemarcus,2025-10-26,16:23:56,-07:00,2025-10-26T16:23:56-07:00,4,117
index.html,18,html,20c8bdfd,Nadine Marcus,2025-10-02,21:44:47,-05:00,2025-10-02T21:44:47-05:00,4,81
index.html,19,html,a219acc9,nadinemarcus,2025-10-24,21:16:46,-07:00,2025-10-24T21:16:46-07:00,0,0
index.html,20,html,a219acc9,nadinemarcus,2025-10-24,21:16:46,-07:00,2025-10-24T21:16:46-07:00,2,22
index.html,21,html,a219acc9,nadinemarcus,2025-10-24,21:16:46,-07:00,2025-10-24T21:16:46-07:00,2,20
index.html,22,html,a219acc9,nadinemarcus,2025-10-24,21:16:46,-07:00,2025-10-24T21:16:46-07:00,2,49
index.html,23,html,a219acc9,nadinemarcus,2025-10-24,21:16:46,-07:00,2025-10-24T21:16:46-07:00,2,4
index.html,24,html,a219acc9,nadinemarcus,2025-10-24,21:16:46,-07:00,2025-10-24T21:16:46-07:00,2,28
index.html,25,html,8a871f8,Nadine Marcus,2025-10-02,19:18:13,-05:00,2025-10-02T19:18:13-05:00,0,5
index.html,26,html,8a871f8,Nadine Marcus,2025-10-02,19:18:13,-05:00,2025-10-02T19:18:13-05:00,0,5
global.js,1,js,faa2de92,nadinemarcus,2025-10-13,20:40:03,-07:00,2025-10-13T20:40:03-07:00,0,25
global.js,2,js,faa2de92,nadinemarcus,2025-10-13,20:40:03,-07:00,2025-10-13T20:40:03-07:00,0,0
global.js,3,js,faa2de92,nadinemarcus,2025-10-13,20:40:03,-07:00,2025-10-13T20:40:03-07:00,0,41
global.js,4,js,faa2de92,nadinemarcus,2025-10-13,20:40:03,-07:00,2025-10-13T20:40:03-07:00,1,52
global.js,5,js,faa2de92,nadinemarcus,2025-10-13,20:40:03,-07:00,2025-10-13T20:40:03-07:00,0,0
global.js,6,js,faa2de92,nadinemarcus,2025-10-13,20:40:03,-07:00,2025-10-13T20:40:03-07:00,0,0
global.js,7,js,faa2de92,nadinemarcus,2025-10-13,20:40:03,-07:00,2025-10-13T20:40:03-07:00,0,11
global.js,8,js,faa2de92,nadinemarcus,2025-10-13,20:40:03,-07:00,2025-10-13T20:40:03-07:00,1,25
global.js,9,js,faa2de92,nadinemarcus,2025-10-13,20:40:03,-07:00,2025-10-13T20:40:03-07:00,1,38
global.js,10,js,faa2de92,nadinemarcus,2025-10-13,20:40:03,-07:00,2025-10-13T20:40:03-07:00,1,34
global.js,11,js,faa2de92,nadinemarcus,2025-10-13,20:40:03,-07:00,2025-10-13T20:40:03-07:00,1,36
global.js,12,js,faa2de92,nadinemarcus,2025-10-13,20:40:03,-07:00,2025-10-13T20:40:03-07:00,1,57
global.js,13,js,faa2de92,nadinemarcus,2025-10-13,20:40:03,-07:00,2025-10-13T20:40:03-07:00,0,0
global.js,14,js,faa2de92,nadinemarcus,2025-10-13,20:40:03,-07:00,2025-10-13T20:40:03-07:00,0,0
global.js,15,js,faa2de92,nadinemarcus,2025-10-13,20:40:03,-07:00,2025-10-13T20:40:03-07:00,0,15
global.js,16,js,faa2de92,nadinemarcus,2025-10-13,20:40:03,-07:00,2025-10-13T20:40:03-07:00,1,68
global.js,17,js,faa2de92,nadinemarcus,2025-10-13,20:40:03,-07:00,2025-10-13T20:40:03-07:00,2,19
global.js,18,js,1661f734,nadinemarcus,2025-10-26,16:04:22,-07:00,2025-10-26T16:04:22-07:00,2,54
global.js,19,js,faa2de92,nadinemarcus,2025-10-13,20:40:03,-07:00,2025-10-13T20:40:03-07:00,0,0
global.js,20,js,faa2de92,nadinemarcus,2025-10-13,20:40:03,-07:00,2025-10-13T20:40:03-07:00,0,0
global.js,21,js,faa2de92,nadinemarcus,2025-10-13,20:40:03,-07:00,2025-10-13T20:40:03-07:00,0,38
global.js,22,js,faa2de92,nadinemarcus,2025-10-13,20:40:03,-07:00,2025-10-13T20:40:03-07:00,0,25
global.js,23,js,faa2de92,nadinemarcus,2025-10-13,20:40:03,-07:00,2025-10-13T20:40:03-07:00,0,0
global.js,24,js,faa2de92,nadinemarcus,2025-10-13,20:40:03,-07:00,2025-10-13T20:40:03-07:00,0,20
global.js,25,js,faa2de92,nadinemarcus,2025-10-13,20:40:03,-07:00,2025-10-13T20:40:03-07:00,1,14
global.js,26,js,faa2de92,nadinemarcus,2025-10-13,20:40:03,-07:00,2025-10-13T20:40:03-07:00,1,18
global.js,27,js,faa2de92,nadinemarcus,2025-10-13,20:40:03,-07:00,2025-10-13T20:40:03-07:00,1,52
global.js,28,js,faa2de92,nadinemarcus,2025-10-13,20:40:03,-07:00,2025-10-13T20:40:03-07:00,0,0
global.js,29,js,faa2de92,nadinemarcus,2025-10-13,20:40:03,-07:00,2025-10-13T20:40:03-07:00,1,34
global.js,30,js,faa2de92,nadinemarcus,2025-10-13,20:40:03,-07:00,2025-10-13T20:40:03-07:00,0,0
global.js,31,js,faa2de92,nadinemarcus,2025-10-13,20:40:03,-07:00,2025-10-13T20:40:03-07:00,1,11
global.js,32,js,faa2de92,nadinemarcus,2025-10-13,20:40:03,-07:00,2025-10-13T20:40:03-07:00,1,20
global.js,33,js,faa2de92,nadinemarcus,2025-10-13,20:40:03,-07:00,2025-10-13T20:40:03-07:00,0,0
global.js,34,js,faa2de92,nadinemarcus,2025-10-13,20:40:03,-07:00,2025-10-13T20:40:03-07:00,1,17
global.js,35,js,faa2de92,nadinemarcus,2025-10-13,20:40:03,-07:00,2025-10-13T20:40:03-07:00,2,8
global.js,36,js,faa2de92,nadinemarcus,2025-10-13,20:40:03,-07:00,2025-10-13T20:40:03-07:00,2,58
global.js,37,js,faa2de92,nadinemarcus,2025-10-13,20:40:03,-07:00,2025-10-13T20:40:03-07:00,1,0
global.js,38,js,faa2de92,nadinemarcus,2025-10-13,20:40:03,-07:00,2025-10-13T20:40:03-07:00,0,0
global.js,39,js,479f2ba7,nadinemarcus,2025-10-16,20:29:08,-07:00,2025-10-16T20:29:08-07:00,1,29
global.js,40,js,479f2ba7,nadinemarcus,2025-10-16,20:29:08,-07:00,2025-10-16T20:29:08-07:00,1,18
global.js,41,js,479f2ba7,nadinemarcus,2025-10-16,20:29:08,-07:00,2025-10-16T20:29:08-07:00,1,0
global.js,42,js,479f2ba7,nadinemarcus,2025-10-16,20:29:08,-07:00,2025-10-16T20:29:08-07:00,0,0
global.js,43,js,faa2de92,nadinemarcus,2025-10-13,20:40:03,-07:00,2025-10-13T20:40:03-07:00,1,12
global.js,44,js,faa2de92,nadinemarcus,2025-10-13,20:40:03,-07:00,2025-10-13T20:40:03-07:00,0,0
global.js,45,js,faa2de92,nadinemarcus,2025-10-13,20:40:03,-07:00,2025-10-13T20:40:03-07:00,0,0
global.js,46,js,faa2de92,nadinemarcus,2025-10-13,20:40:03,-07:00,2025-10-13T20:40:03-07:00,0,31
global.js,47,js,faa2de92,nadinemarcus,2025-10-13,20:40:03,-07:00,2025-10-13T20:40:03-07:00,1,11
global.js,48,js,faa2de92,nadinemarcus,2025-10-13,20:40:03,-07:00,2025-10-13T20:40:03-07:00,1,0
global.js,49,js,faa2de92,nadinemarcus,2025-10-13,20:40:03,-07:00,2025-10-13T20:40:03-07:00,1,33
global.js,50,js,faa2de92,nadinemarcus,2025-10-13,20:40:03,-07:00,2025-10-13T20:40:03-07:00,2,17
global.js,51,js,faa2de92,nadinemarcus,2025-10-13,20:40:03,-07:00,2025-10-13T20:40:03-07:00,2,8
global.js,52,js,faa2de92,nadinemarcus,2025-10-13,20:40:03,-07:00,2025-10-13T20:40:03-07:00,2,9
global.js,53,js,faa2de92,nadinemarcus,2025-10-13,20:40:03,-07:00,2025-10-13T20:40:03-07:00,2,13
global.js,54,js,faa2de92,nadinemarcus,2025-10-13,20:40:03,-07:00,2025-10-13T20:40:03-07:00,2,18
global.js,55,js,faa2de92,nadinemarcus,2025-10-13,20:40:03,-07:00,2025-10-13T20:40:03-07:00,1,0
global.js,56,js,faa2de92,nadinemarcus,2025-10-13,20:40:03,-07:00,2025-10-13T20:40:03-07:00,2,4
global.js,57,js,faa2de92,nadinemarcus,2025-10-13,20:40:03,-07:00,2025-10-13T20:40:03-07:00,2,6
global.js,58,js,faa2de92,nadinemarcus,2025-10-13,20:40:03,-07:00,2025-10-13T20:40:03-07:00,3,43
global.js,59,js,faa2de92,nadinemarcus,2025-10-13,20:40:03,-07:00,2025-10-13T20:40:03-07:00,3,34
global.js,60,js,faa2de92,nadinemarcus,2025-10-13,20:40:03,-07:00,2025-10-13T20:40:03-07:00,3,32
global.js,61,js,faa2de92,nadinemarcus,2025-10-13,20:40:03,-07:00,2025-10-13T20:40:03-07:00,2,7
global.js,62,js,faa2de92,nadinemarcus,2025-10-13,20:40:03,-07:00,2025-10-13T20:40:03-07:00,1,8
global.js,63,js,faa2de92,nadinemarcus,2025-10-13,20:40:03,-07:00,2025-10-13T20:40:03-07:00,0,0
global.js,64,js,faa2de92,nadinemarcus,2025-10-13,20:40:03,-07:00,2025-10-13T20:40:03-07:00,0,0
global.js,65,js,faa2de92,nadinemarcus,2025-10-13,20:40:03,-07:00,2025-10-13T20:40:03-07:00,0,60
global.js,66,js,faa2de92,nadinemarcus,2025-10-13,20:40:03,-07:00,2025-10-13T20:40:03-07:00,0,34
global.js,67,js,faa2de92,nadinemarcus,2025-10-13,20:40:03,-07:00,2025-10-13T20:40:03-07:00,1,43
global.js,68,js,faa2de92,nadinemarcus,2025-10-13,20:40:03,-07:00,2025-10-13T20:40:03-07:00,1,55
global.js,69,js,faa2de92,nadinemarcus,2025-10-13,20:40:03,-07:00,2025-10-13T20:40:03-07:00,1,72
global.js,70,js,faa2de92,nadinemarcus,2025-10-13,20:40:03,-07:00,2025-10-13T20:40:03-07:00,0,6
global.js,71,js,faa2de92,nadinemarcus,2025-10-13,20:40:03,-07:00,2025-10-13T20:40:03-07:00,1,24
global.js,72,js,faa2de92,nadinemarcus,2025-10-13,20:40:03,-07:00,2025-10-13T20:40:03-07:00,1,56
global.js,73,js,faa2de92,nadinemarcus,2025-10-13,20:40:03,-07:00,2025-10-13T20:40:03-07:00,1,26
global.js,74,js,faa2de92,nadinemarcus,2025-10-13,20:40:03,-07:00,2025-10-13T20:40:03-07:00,0,0
global.js,75,js,faa2de92,nadinemarcus,2025-10-13,20:40:03,-07:00,2025-10-13T20:40:03-07:00,0,0
global.js,76,js,faa2de92,nadinemarcus,2025-10-13,20:40:03,-07:00,2025-10-13T20:40:03-07:00,0,49
global.js,77,js,faa2de92,nadinemarcus,2025-10-13,20:40:03,-07:00,2025-10-13T20:40:03-07:00,1,31
global.js,78,js,faa2de92,nadinemarcus,2025-10-13,20:40:03,-07:00,2025-10-13T20:40:03-07:00,1,49
global.js,79,js,faa2de92,nadinemarcus,2025-10-13,20:40:03,-07:00,2025-10-13T20:40:03-07:00,1,44
global.js,80,js,faa2de92,nadinemarcus,2025-10-13,20:40:03,-07:00,2025-10-13T20:40:03-07:00,1,43
global.js,81,js,2ad7a9ea,nadinemarcus,2025-10-22,18:23:13,-07:00,2025-10-22T18:23:13-07:00,0,1
global.js,82,js,2ad7a9ea,nadinemarcus,2025-10-22,18:23:13,-07:00,2025-10-22T18:23:13-07:00,0,0
global.js,83,js,2ad7a9ea,nadinemarcus,2025-10-22,18:23:13,-07:00,2025-10-22T18:23:13-07:00,0,36
global.js,84,js,2ad7a9ea,nadinemarcus,2025-10-22,18:23:13,-07:00,2025-10-22T18:23:13-07:00,1,3
global.js,85,js,2ad7a9ea,nadinemarcus,2025-10-22,18:23:13,-07:00,2025-10-22T18:23:13-07:00,2,39
global.js,86,js,2ad7a9ea,nadinemarcus,2025-10-22,18:23:13,-07:00,2025-10-22T18:23:13-07:00,2,32
global.js,87,js,2ad7a9ea,nadinemarcus,2025-10-22,18:23:13,-07:00,2025-10-22T18:23:13-07:00,2,17
global.js,88,js,2ad7a9ea,nadinemarcus,2025-10-22,18:23:13,-07:00,2025-10-22T18:23:13-07:00,3,66
global.js,89,js,2ad7a9ea,nadinemarcus,2025-10-22,18:23:13,-07:00,2025-10-22T18:23:13-07:00,2,0
global.js,90,js,2ad7a9ea,nadinemarcus,2025-10-22,18:23:13,-07:00,2025-10-22T18:23:13-07:00,2,33
global.js,91,js,2ad7a9ea,nadinemarcus,2025-10-22,18:23:13,-07:00,2025-10-22T18:23:13-07:00,2,10
global.js,92,js,2ad7a9ea,nadinemarcus,2025-10-22,18:23:13,-07:00,2025-10-22T18:23:13-07:00,1,15
global.js,93,js,2ad7a9ea,nadinemarcus,2025-10-22,18:23:13,-07:00,2025-10-22T18:23:13-07:00,2,59
global.js,94,js,2ad7a9ea,nadinemarcus,2025-10-22,18:23:13,-07:00,2025-10-22T18:23:13-07:00,1,0
global.js,95,js,2ad7a9ea,nadinemarcus,2025-10-22,18:23:13,-07:00,2025-10-22T18:23:13-07:00,0,0
global.js,96,js,2ad7a9ea,nadinemarcus,2025-10-22,18:23:13,-07:00,2025-10-22T18:23:13-07:00,0,0
global.js,97,js,a219acc9,nadinemarcus,2025-10-24,21:16:46,-07:00,2025-10-24T21:16:46-07:00,0,79
global.js,98,js,a219acc9,nadinemarcus,2025-10-24,21:16:46,-07:00,2025-10-24T21:16:46-07:00,1,27
global.js,99,js,2ad7a9ea,nadinemarcus,2025-10-22,18:23:13,-07:00,2025-10-22T18:23:13-07:00,1,48
global.js,100,js,2ad7a9ea,nadinemarcus,2025-10-22,18:23:13,-07:00,2025-10-22T18:23:13-07:00,1,19
global.js,101,js,a219acc9,nadinemarcus,2025-10-24,21:16:46,-07:00,2025-10-24T21:16:46-07:00,3,49
global.js,102,js,2ad7a9ea,nadinemarcus,2025-10-22,18:23:13,-07:00,2025-10-22T18:23:13-07:00,3,0
global.js,103,js,2ad7a9ea,nadinemarcus,2025-10-22,18:23:13,-07:00,2025-10-22T18:23:13-07:00,3,49
global.js,104,js,003a020e,nadinemarcus,2025-10-27,20:51:54,-07:00,2025-10-27T20:51:54-07:00,3,3
global.js,105,js,003a020e,nadinemarcus,2025-10-27,20:51:54,-07:00,2025-10-27T20:51:54-07:00,4,27
global.js,106,js,003a020e,nadinemarcus,2025-10-27,20:51:54,-07:00,2025-10-27T20:51:54-07:00,4,38
global.js,107,js,003a020e,nadinemarcus,2025-10-27,20:51:54,-07:00,2025-10-27T20:51:54-07:00,3,4
global.js,108,js,2ad7a9ea,nadinemarcus,2025-10-22,18:23:13,-07:00,2025-10-22T18:23:13-07:00,1,0
global.js,109,js,2ad7a9ea,nadinemarcus,2025-10-22,18:23:13,-07:00,2025-10-22T18:23:13-07:00,1,36
global.js,110,js,a219acc9,nadinemarcus,2025-10-24,21:16:46,-07:00,2025-10-24T21:16:46-07:00,0,1
global.js,111,js,a219acc9,nadinemarcus,2025-10-24,21:16:46,-07:00,2025-10-24T21:16:46-07:00,0,0
global.js,112,js,a219acc9,nadinemarcus,2025-10-24,21:16:46,-07:00,2025-10-24T21:16:46-07:00,0,0
global.js,113,js,a219acc9,nadinemarcus,2025-10-24,21:16:46,-07:00,2025-10-24T21:16:46-07:00,0,47
global.js,114,js,a219acc9,nadinemarcus,2025-10-24,21:16:46,-07:00,2025-10-24T21:16:46-07:00,1,59
global.js,115,js,2ad7a9ea,nadinemarcus,2025-10-22,18:23:13,-07:00,2025-10-22T18:23:13-07:00,0,0
resume\index.html,1,html,4ebfcffd,Nadine Marcus,2025-10-02,21:55:09,-05:00,2025-10-02T21:55:09-05:00,0,13
resume\index.html,2,html,4ebfcffd,Nadine Marcus,2025-10-02,21:55:09,-05:00,2025-10-02T21:55:09-05:00,0,14
resume\index.html,3,html,4ebfcffd,Nadine Marcus,2025-10-02,21:55:09,-05:00,2025-10-02T21:55:09-05:00,0,4
resume\index.html,4,html,af271e14,nadinemarcus,2025-10-13,10:29:09,-07:00,2025-10-13T10:29:09-07:00,1,20
resume\index.html,5,html,af271e14,nadinemarcus,2025-10-13,10:29:09,-07:00,2025-10-13T10:29:09-07:00,1,68
resume\index.html,6,html,af271e14,nadinemarcus,2025-10-13,10:29:09,-07:00,2025-10-13T10:29:09-07:00,1,19
resume\index.html,7,html,33e22963,nadinemarcus,2025-10-26,16:07:57,-07:00,2025-10-26T16:07:57-07:00,1,43
resume\index.html,8,html,33e22963,nadinemarcus,2025-10-26,16:07:57,-07:00,2025-10-26T16:07:57-07:00,1,48
resume\index.html,9,html,4ebfcffd,Nadine Marcus,2025-10-02,21:55:09,-05:00,2025-10-02T21:55:09-05:00,0,5
resume\index.html,10,html,4ebfcffd,Nadine Marcus,2025-10-02,21:55:09,-05:00,2025-10-02T21:55:09-05:00,0,4
resume\index.html,11,html,af271e14,nadinemarcus,2025-10-13,10:29:09,-07:00,2025-10-13T10:29:09-07:00,0,0
resume\index.html,12,html,af271e14,nadinemarcus,2025-10-13,10:29:09,-07:00,2025-10-13T10:29:09-07:00,1,18
resume\index.html,13,html,af271e14,nadinemarcus,2025-10-13,10:29:09,-07:00,2025-10-13T10:29:09-07:00,2,27
resume\index.html,14,html,af271e14,nadinemarcus,2025-10-13,10:29:09,-07:00,2025-10-13T10:29:09-07:00,2,45
resume\index.html,15,html,4ebfcffd,Nadine Marcus,2025-10-02,21:55:09,-05:00,2025-10-02T21:55:09-05:00,2,1
resume\index.html,16,html,af271e14,nadinemarcus,2025-10-13,10:29:09,-07:00,2025-10-13T10:29:09-07:00,3,48
resume\index.html,17,html,af271e14,nadinemarcus,2025-10-13,10:29:09,-07:00,2025-10-13T10:29:09-07:00,4,30
resume\index.html,18,html,af271e14,nadinemarcus,2025-10-13,10:29:09,-07:00,2025-10-13T10:29:09-07:00,3,2
resume\index.html,19,html,4ebfcffd,Nadine Marcus,2025-10-02,21:55:09,-05:00,2025-10-02T21:55:09-05:00,2,2
resume\index.html,20,html,af271e14,nadinemarcus,2025-10-13,10:29:09,-07:00,2025-10-13T10:29:09-07:00,1,4
resume\index.html,21,html,4ebfcffd,Nadine Marcus,2025-10-02,21:55:09,-05:00,2025-10-02T21:55:09-05:00,0,5
resume\index.html,22,html,4ebfcffd,Nadine Marcus,2025-10-02,21:55:09,-05:00,2025-10-02T21:55:09-05:00,0,5
projects\projects.js,1,js,2ad7a9ea,nadinemarcus,2025-10-22,18:23:13,-07:00,2025-10-22T18:23:13-07:00,0,55
projects\projects.js,2,js,003a020e,nadinemarcus,2025-10-27,20:51:54,-07:00,2025-10-27T20:51:54-07:00,0,63
projects\projects.js,3,js,2ad7a9ea,nadinemarcus,2025-10-22,18:23:13,-07:00,2025-10-22T18:23:13-07:00,0,0
projects\projects.js,4,js,2ad7a9ea,nadinemarcus,2025-10-22,18:23:13,-07:00,2025-10-22T18:23:13-07:00,0,55
projects\projects.js,5,js,2ad7a9ea,nadinemarcus,2025-10-22,18:23:13,-07:00,2025-10-22T18:23:13-07:00,0,40
projects\projects.js,6,js,2ad7a9ea,nadinemarcus,2025-10-22,18:23:13,-07:00,2025-10-22T18:23:13-07:00,0,0
projects\projects.js,7,js,2ad7a9ea,nadinemarcus,2025-10-22,18:23:13,-07:00,2025-10-22T18:23:13-07:00,0,60
projects\projects.js,8,js,003a020e,nadinemarcus,2025-10-27,20:51:54,-07:00,2025-10-27T20:51:54-07:00,0,55
projects\projects.js,9,js,003a020e,nadinemarcus,2025-10-27,20:51:54,-07:00,2025-10-27T20:51:54-07:00,0,0
projects\projects.js,10,js,003a020e,nadinemarcus,2025-10-27,20:51:54,-07:00,2025-10-27T20:51:54-07:00,0,21
projects\projects.js,11,js,003a020e,nadinemarcus,2025-10-27,20:51:54,-07:00,2025-10-27T20:51:54-07:00,0,0
projects\projects.js,12,js,003a020e,nadinemarcus,2025-10-27,20:51:54,-07:00,2025-10-27T20:51:54-07:00,0,38
projects\projects.js,13,js,003a020e,nadinemarcus,2025-10-27,20:51:54,-07:00,2025-10-27T20:51:54-07:00,1,42
projects\projects.js,14,js,003a020e,nadinemarcus,2025-10-27,20:51:54,-07:00,2025-10-27T20:51:54-07:00,1,29
projects\projects.js,15,js,003a020e,nadinemarcus,2025-10-27,20:51:54,-07:00,2025-10-27T20:51:54-07:00,1,34
projects\projects.js,16,js,003a020e,nadinemarcus,2025-10-27,20:51:54,-07:00,2025-10-27T20:51:54-07:00,1,30
projects\projects.js,17,js,003a020e,nadinemarcus,2025-10-27,20:51:54,-07:00,2025-10-27T20:51:54-07:00,0,0
projects\projects.js,18,js,003a020e,nadinemarcus,2025-10-27,20:51:54,-07:00,2025-10-27T20:51:54-07:00,0,0
projects\projects.js,19,js,003a020e,nadinemarcus,2025-10-27,20:51:54,-07:00,2025-10-27T20:51:54-07:00,1,28
projects\projects.js,20,js,003a020e,nadinemarcus,2025-10-27,20:51:54,-07:00,2025-10-27T20:51:54-07:00,2,12
projects\projects.js,21,js,003a020e,nadinemarcus,2025-10-27,20:51:54,-07:00,2025-10-27T20:51:54-07:00,2,12
projects\projects.js,22,js,003a020e,nadinemarcus,2025-10-27,20:51:54,-07:00,2025-10-27T20:51:54-07:00,2,9
projects\projects.js,23,js,003a020e,nadinemarcus,2025-10-27,20:51:54,-07:00,2025-10-27T20:51:54-07:00,1,41
projects\projects.js,24,js,003a020e,nadinemarcus,2025-10-27,20:51:54,-07:00,2025-10-27T20:51:54-07:00,0,0
projects\projects.js,25,js,003a020e,nadinemarcus,2025-10-27,20:51:54,-07:00,2025-10-27T20:51:54-07:00,1,78
projects\projects.js,26,js,003a020e,nadinemarcus,2025-10-27,20:51:54,-07:00,2025-10-27T20:51:54-07:00,1,59
projects\projects.js,27,js,003a020e,nadinemarcus,2025-10-27,20:51:54,-07:00,2025-10-27T20:51:54-07:00,1,48
projects\projects.js,28,js,003a020e,nadinemarcus,2025-10-27,20:51:54,-07:00,2025-10-27T20:51:54-07:00,1,33
projects\projects.js,29,js,003a020e,nadinemarcus,2025-10-27,20:51:54,-07:00,2025-10-27T20:51:54-07:00,1,49
projects\projects.js,30,js,003a020e,nadinemarcus,2025-10-27,20:51:54,-07:00,2025-10-27T20:51:54-07:00,0,0
projects\projects.js,31,js,c5049bd8,nadinemarcus,2025-10-29,19:52:10,-07:00,2025-10-29T19:52:10-07:00,1,7
projects\projects.js,32,js,c5049bd8,nadinemarcus,2025-10-29,19:52:10,-07:00,2025-10-29T19:52:10-07:00,1,33
projects\projects.js,33,js,003a020e,nadinemarcus,2025-10-27,20:51:54,-07:00,2025-10-27T20:51:54-07:00,2,12
projects\projects.js,34,js,003a020e,nadinemarcus,2025-10-27,20:51:54,-07:00,2025-10-27T20:51:54-07:00,2,11
projects\projects.js,35,js,003a020e,nadinemarcus,2025-10-27,20:51:54,-07:00,2025-10-27T20:51:54-07:00,2,22
projects\projects.js,36,js,c5049bd8,nadinemarcus,2025-10-29,19:52:10,-07:00,2025-10-29T19:52:10-07:00,2,32
projects\projects.js,37,js,c5049bd8,nadinemarcus,2025-10-29,19:52:10,-07:00,2025-10-29T19:52:10-07:00,2,25
projects\projects.js,38,js,c5049bd8,nadinemarcus,2025-10-29,19:52:10,-07:00,2025-10-29T19:52:10-07:00,2,27
projects\projects.js,39,js,c5049bd8,nadinemarcus,2025-10-29,19:52:10,-07:00,2025-10-29T19:52:10-07:00,3,27
projects\projects.js,40,js,c5049bd8,nadinemarcus,2025-10-29,19:52:10,-07:00,2025-10-29T19:52:10-07:00,3,43
projects\projects.js,41,js,c5049bd8,nadinemarcus,2025-10-29,19:52:10,-07:00,2025-10-29T19:52:10-07:00,0,0
projects\projects.js,42,js,c5049bd8,nadinemarcus,2025-10-29,19:52:10,-07:00,2025-10-29T19:52:10-07:00,3,15
projects\projects.js,43,js,c5049bd8,nadinemarcus,2025-10-29,19:52:10,-07:00,2025-10-29T19:52:10-07:00,3,73
projects\projects.js,44,js,c5049bd8,nadinemarcus,2025-10-29,19:52:10,-07:00,2025-10-29T19:52:10-07:00,3,20
projects\projects.js,45,js,c5049bd8,nadinemarcus,2025-10-29,19:52:10,-07:00,2025-10-29T19:52:10-07:00,4,68
projects\projects.js,46,js,c5049bd8,nadinemarcus,2025-10-29,19:52:10,-07:00,2025-10-29T19:52:10-07:00,0,0
projects\projects.js,47,js,c5049bd8,nadinemarcus,2025-10-29,19:52:10,-07:00,2025-10-29T19:52:10-07:00,3,16
projects\projects.js,48,js,c5049bd8,nadinemarcus,2025-10-29,19:52:10,-07:00,2025-10-29T19:52:10-07:00,3,25
projects\projects.js,49,js,c5049bd8,nadinemarcus,2025-10-29,19:52:10,-07:00,2025-10-29T19:52:10-07:00,4,48
projects\projects.js,50,js,c5049bd8,nadinemarcus,2025-10-29,19:52:10,-07:00,2025-10-29T19:52:10-07:00,3,6
projects\projects.js,51,js,c5049bd8,nadinemarcus,2025-10-29,19:52:10,-07:00,2025-10-29T19:52:10-07:00,4,37
projects\projects.js,52,js,c5049bd8,nadinemarcus,2025-10-29,19:52:10,-07:00,2025-10-29T19:52:10-07:00,4,59
projects\projects.js,53,js,c5049bd8,nadinemarcus,2025-10-29,19:52:10,-07:00,2025-10-29T19:52:10-07:00,4,30
projects\projects.js,54,js,c5049bd8,nadinemarcus,2025-10-29,19:52:10,-07:00,2025-10-29T19:52:10-07:00,4,54
projects\projects.js,55,js,c5049bd8,nadinemarcus,2025-10-29,19:52:10,-07:00,2025-10-29T19:52:10-07:00,3,0
projects\projects.js,56,js,c5049bd8,nadinemarcus,2025-10-29,19:52:10,-07:00,2025-10-29T19:52:10-07:00,2,1
projects\projects.js,57,js,003a020e,nadinemarcus,2025-10-27,20:51:54,-07:00,2025-10-27T20:51:54-07:00,0,0
projects\projects.js,58,js,c5049bd8,nadinemarcus,2025-10-29,19:52:10,-07:00,2025-10-29T19:52:10-07:00,1,7
projects\projects.js,59,js,003a020e,nadinemarcus,2025-10-27,20:51:54,-07:00,2025-10-27T20:51:54-07:00,1,20
projects\projects.js,60,js,003a020e,nadinemarcus,2025-10-27,20:51:54,-07:00,2025-10-27T20:51:54-07:00,2,9
projects\projects.js,61,js,003a020e,nadinemarcus,2025-10-27,20:51:54,-07:00,2025-10-27T20:51:54-07:00,2,9
projects\projects.js,62,js,c5049bd8,nadinemarcus,2025-10-29,19:52:10,-07:00,2025-10-29T19:52:10-07:00,2,125
projects\projects.js,63,js,c5049bd8,nadinemarcus,2025-10-29,19:52:10,-07:00,2025-10-29T19:52:10-07:00,2,22
projects\projects.js,64,js,c5049bd8,nadinemarcus,2025-10-29,19:52:10,-07:00,2025-10-29T19:52:10-07:00,3,24
projects\projects.js,65,js,c5049bd8,nadinemarcus,2025-10-29,19:52:10,-07:00,2025-10-29T19:52:10-07:00,3,43
projects\projects.js,66,js,003a020e,nadinemarcus,2025-10-27,20:51:54,-07:00,2025-10-27T20:51:54-07:00,0,0
projects\projects.js,67,js,c5049bd8,nadinemarcus,2025-10-29,19:52:10,-07:00,2025-10-29T19:52:10-07:00,3,73
projects\projects.js,68,js,c5049bd8,nadinemarcus,2025-10-29,19:52:10,-07:00,2025-10-29T19:52:10-07:00,3,20
projects\projects.js,69,js,c5049bd8,nadinemarcus,2025-10-29,19:52:10,-07:00,2025-10-29T19:52:10-07:00,4,68
projects\projects.js,70,js,c5049bd8,nadinemarcus,2025-10-29,19:52:10,-07:00,2025-10-29T19:52:10-07:00,0,0
projects\projects.js,71,js,c5049bd8,nadinemarcus,2025-10-29,19:52:10,-07:00,2025-10-29T19:52:10-07:00,3,25
projects\projects.js,72,js,c5049bd8,nadinemarcus,2025-10-29,19:52:10,-07:00,2025-10-29T19:52:10-07:00,4,48
projects\projects.js,73,js,c5049bd8,nadinemarcus,2025-10-29,19:52:10,-07:00,2025-10-29T19:52:10-07:00,3,6
projects\projects.js,74,js,c5049bd8,nadinemarcus,2025-10-29,19:52:10,-07:00,2025-10-29T19:52:10-07:00,4,37
projects\projects.js,75,js,c5049bd8,nadinemarcus,2025-10-29,19:52:10,-07:00,2025-10-29T19:52:10-07:00,4,59
projects\projects.js,76,js,c5049bd8,nadinemarcus,2025-10-29,19:52:10,-07:00,2025-10-29T19:52:10-07:00,4,54
projects\projects.js,77,js,c5049bd8,nadinemarcus,2025-10-29,19:52:10,-07:00,2025-10-29T19:52:10-07:00,3,0
projects\projects.js,78,js,c5049bd8,nadinemarcus,2025-10-29,19:52:10,-07:00,2025-10-29T19:52:10-07:00,2,1
projects\projects.js,79,js,003a020e,nadinemarcus,2025-10-27,20:51:54,-07:00,2025-10-27T20:51:54-07:00,0,0
projects\projects.js,80,js,2ad7a9ea,nadinemarcus,2025-10-22,18:23:13,-07:00,2025-10-22T18:23:13-07:00,0,0
projects\projects.js,81,js,c5049bd8,nadinemarcus,2025-10-29,19:52:10,-07:00,2025-10-29T19:52:10-07:00,0,0
projects\projects.js,82,js,2ad7a9ea,nadinemarcus,2025-10-22,18:23:13,-07:00,2025-10-22T18:23:13-07:00,0,48
projects\projects.js,83,js,003a020e,nadinemarcus,2025-10-27,20:51:54,-07:00,2025-10-27T20:51:54-07:00,0,23
projects\projects.js,84,js,003a020e,nadinemarcus,2025-10-27,20:51:54,-07:00,2025-10-27T20:51:54-07:00,0,0
projects\projects.js,85,js,003a020e,nadinemarcus,2025-10-27,20:51:54,-07:00,2025-10-27T20:51:54-07:00,0,48
projects\projects.js,86,js,003a020e,nadinemarcus,2025-10-27,20:51:54,-07:00,2025-10-27T20:51:54-07:00,1,45
projects\projects.js,87,js,003a020e,nadinemarcus,2025-10-27,20:51:54,-07:00,2025-10-27T20:51:54-07:00,0,0
projects\projects.js,88,js,003a020e,nadinemarcus,2025-10-27,20:51:54,-07:00,2025-10-27T20:51:54-07:00,1,51
projects\projects.js,89,js,003a020e,nadinemarcus,2025-10-27,20:51:54,-07:00,2025-10-27T20:51:54-07:00,2,60
projects\projects.js,90,js,003a020e,nadinemarcus,2025-10-27,20:51:54,-07:00,2025-10-27T20:51:54-07:00,2,28
projects\projects.js,91,js,003a020e,nadinemarcus,2025-10-27,20:51:54,-07:00,2025-10-27T20:51:54-07:00,1,1
projects\projects.js,92,js,003a020e,nadinemarcus,2025-10-27,20:51:54,-07:00,2025-10-27T20:51:54-07:00,0,0
projects\projects.js,93,js,003a020e,nadinemarcus,2025-10-27,20:51:54,-07:00,2025-10-27T20:51:54-07:00,1,31
projects\projects.js,94,js,003a020e,nadinemarcus,2025-10-27,20:51:54,-07:00,2025-10-27T20:51:54-07:00,1,56
projects\projects.js,95,js,003a020e,nadinemarcus,2025-10-27,20:51:54,-07:00,2025-10-27T20:51:54-07:00,0,0
projects\projects.js,96,js,003a020e,nadinemarcus,2025-10-27,20:51:54,-07:00,2025-10-27T20:51:54-07:00,1,31
projects\projects.js,97,js,003a020e,nadinemarcus,2025-10-27,20:51:54,-07:00,2025-10-27T20:51:54-07:00,0,1
projects\projects.js,98,js,003a020e,nadinemarcus,2025-10-27,20:51:54,-07:00,2025-10-27T20:51:54-07:00,0,0
projects\index.html,1,html,a8e41a9d,Nadine Marcus,2025-10-02,19:57:50,-05:00,2025-10-02T19:57:50-05:00,0,13
projects\index.html,2,html,a8e41a9d,Nadine Marcus,2025-10-02,19:57:50,-05:00,2025-10-02T19:57:50-05:00,0,14
projects\index.html,3,html,a8e41a9d,Nadine Marcus,2025-10-02,19:57:50,-05:00,2025-10-02T19:57:50-05:00,0,4
projects\index.html,4,html,a8e41a9d,Nadine Marcus,2025-10-02,19:57:50,-05:00,2025-10-02T19:57:50-05:00,2,20
projects\index.html,5,html,a8e41a9d,Nadine Marcus,2025-10-02,19:57:50,-05:00,2025-10-02T19:57:50-05:00,2,68
projects\index.html,6,html,af271e14,nadinemarcus,2025-10-13,10:29:09,-07:00,2025-10-13T10:29:09-07:00,2,21
projects\index.html,7,html,311bd8d7,nadinemarcus,2025-10-26,16:02:48,-07:00,2025-10-26T16:02:48-07:00,2,43
projects\index.html,8,html,311bd8d7,nadinemarcus,2025-10-26,16:02:48,-07:00,2025-10-26T16:02:48-07:00,2,48
projects\index.html,9,html,dca32b2e,nadinemarcus,2025-10-26,16:13:57,-07:00,2025-10-26T16:13:57-07:00,2,49
projects\index.html,10,html,a8e41a9d,Nadine Marcus,2025-10-02,19:57:50,-05:00,2025-10-02T19:57:50-05:00,0,5
projects\index.html,11,html,003a020e,nadinemarcus,2025-10-27,20:51:54,-07:00,2025-10-27T20:51:54-07:00,0,0
projects\index.html,12,html,a8e41a9d,Nadine Marcus,2025-10-02,19:57:50,-05:00,2025-10-02T19:57:50-05:00,0,4
projects\index.html,13,html,af271e14,nadinemarcus,2025-10-13,10:29:09,-07:00,2025-10-13T10:29:09-07:00,2,20
projects\index.html,14,html,003a020e,nadinemarcus,2025-10-27,20:51:54,-07:00,2025-10-27T20:51:54-07:00,2,0
projects\index.html,15,html,003a020e,nadinemarcus,2025-10-27,20:51:54,-07:00,2025-10-27T20:51:54-07:00,2,21
projects\index.html,16,html,003a020e,nadinemarcus,2025-10-27,20:51:54,-07:00,2025-10-27T20:51:54-07:00,4,59
projects\index.html,17,html,003a020e,nadinemarcus,2025-10-27,20:51:54,-07:00,2025-10-27T20:51:54-07:00,4,23
projects\index.html,18,html,003a020e,nadinemarcus,2025-10-27,20:51:54,-07:00,2025-10-27T20:51:54-07:00,2,4
projects\index.html,19,html,003a020e,nadinemarcus,2025-10-27,20:51:54,-07:00,2025-10-27T20:51:54-07:00,2,4
projects\index.html,20,html,003a020e,nadinemarcus,2025-10-27,20:51:54,-07:00,2025-10-27T20:51:54-07:00,4,15
projects\index.html,21,html,003a020e,nadinemarcus,2025-10-27,20:51:54,-07:00,2025-10-27T20:51:54-07:00,4,11
projects\index.html,22,html,003a020e,nadinemarcus,2025-10-27,20:51:54,-07:00,2025-10-27T20:51:54-07:00,4,26
projects\index.html,23,html,003a020e,nadinemarcus,2025-10-27,20:51:54,-07:00,2025-10-27T20:51:54-07:00,4,31
projects\index.html,24,html,003a020e,nadinemarcus,2025-10-27,20:51:54,-07:00,2025-10-27T20:51:54-07:00,2,0
projects\index.html,25,html,af271e14,nadinemarcus,2025-10-13,10:29:09,-07:00,2025-10-13T10:29:09-07:00,2,20
projects\index.html,26,html,af271e14,nadinemarcus,2025-10-13,10:29:09,-07:00,2025-10-13T10:29:09-07:00,2,4
projects\index.html,27,html,003a020e,nadinemarcus,2025-10-27,20:51:54,-07:00,2025-10-27T20:51:54-07:00,0,0
projects\index.html,28,html,a8e41a9d,Nadine Marcus,2025-10-02,19:57:50,-05:00,2025-10-02T19:57:50-05:00,0,5
projects\index.html,29,html,003a020e,nadinemarcus,2025-10-27,20:51:54,-07:00,2025-10-27T20:51:54-07:00,2,0
projects\index.html,30,html,a8e41a9d,Nadine Marcus,2025-10-02,19:57:50,-05:00,2025-10-02T19:57:50-05:00,0,5
contact\index.html,1,html,3af9b5b1,Nadine Marcus,2025-10-02,20:08:21,-05:00,2025-10-02T20:08:21-05:00,0,13
contact\index.html,2,html,3af9b5b1,Nadine Marcus,2025-10-02,20:08:21,-05:00,2025-10-02T20:08:21-05:00,0,14
contact\index.html,3,html,3af9b5b1,Nadine Marcus,2025-10-02,20:08:21,-05:00,2025-10-02T20:08:21-05:00,0,4
contact\index.html,4,html,3af9b5b1,Nadine Marcus,2025-10-02,20:08:21,-05:00,2025-10-02T20:08:21-05:00,2,20
contact\index.html,5,html,3af9b5b1,Nadine Marcus,2025-10-02,20:08:21,-05:00,2025-10-02T20:08:21-05:00,2,68
contact\index.html,6,html,af271e14,nadinemarcus,2025-10-13,10:29:09,-07:00,2025-10-13T10:29:09-07:00,2,20
contact\index.html,7,html,33e22963,nadinemarcus,2025-10-26,16:07:57,-07:00,2025-10-26T16:07:57-07:00,2,43
contact\index.html,8,html,33e22963,nadinemarcus,2025-10-26,16:07:57,-07:00,2025-10-26T16:07:57-07:00,2,48
contact\index.html,9,html,3af9b5b1,Nadine Marcus,2025-10-02,20:08:21,-05:00,2025-10-02T20:08:21-05:00,0,5
contact\index.html,10,html,3af9b5b1,Nadine Marcus,2025-10-02,20:08:21,-05:00,2025-10-02T20:08:21-05:00,0,4
contact\index.html,11,html,af271e14,nadinemarcus,2025-10-13,10:29:09,-07:00,2025-10-13T10:29:09-07:00,2,14
contact\index.html,12,html,51bfbc7b,Nadine Marcus,2025-10-02,20:12:12,-05:00,2025-10-02T20:12:12-05:00,0,82
contact\index.html,13,html,51bfbc7b,Nadine Marcus,2025-10-02,20:12:12,-05:00,2025-10-02T20:12:12-05:00,1,5
contact\index.html,14,html,b2f4ec4c,Nadine Marcus,2025-10-02,21:18:17,-05:00,2025-10-02T21:18:17-05:00,2,4
contact\index.html,15,html,51bfbc7b,Nadine Marcus,2025-10-02,20:12:12,-05:00,2025-10-02T20:12:12-05:00,2,40
contact\index.html,16,html,51bfbc7b,Nadine Marcus,2025-10-02,20:12:12,-05:00,2025-10-02T20:12:12-05:00,1,6
contact\index.html,17,html,51bfbc7b,Nadine Marcus,2025-10-02,20:12:12,-05:00,2025-10-02T20:12:12-05:00,0,0
contact\index.html,18,html,51bfbc7b,Nadine Marcus,2025-10-02,20:12:12,-05:00,2025-10-02T20:12:12-05:00,1,5
contact\index.html,19,html,b2f4ec4c,Nadine Marcus,2025-10-02,21:18:17,-05:00,2025-10-02T21:18:17-05:00,2,6
contact\index.html,20,html,af271e14,nadinemarcus,2025-10-13,10:29:09,-07:00,2025-10-13T10:29:09-07:00,2,41
contact\index.html,21,html,51bfbc7b,Nadine Marcus,2025-10-02,20:12:12,-05:00,2025-10-02T20:12:12-05:00,1,6
contact\index.html,22,html,51bfbc7b,Nadine Marcus,2025-10-02,20:12:12,-05:00,2025-10-02T20:12:12-05:00,0,0
contact\index.html,23,html,51bfbc7b,Nadine Marcus,2025-10-02,20:12:12,-05:00,2025-10-02T20:12:12-05:00,1,5
contact\index.html,24,html,b2f4ec4c,Nadine Marcus,2025-10-02,21:18:17,-05:00,2025-10-02T21:18:17-05:00,2,6
contact\index.html,25,html,af271e14,nadinemarcus,2025-10-13,10:29:09,-07:00,2025-10-13T10:29:09-07:00,2,40
contact\index.html,26,html,51bfbc7b,Nadine Marcus,2025-10-02,20:12:12,-05:00,2025-10-02T20:12:12-05:00,1,6
contact\index.html,27,html,51bfbc7b,Nadine Marcus,2025-10-02,20:12:12,-05:00,2025-10-02T20:12:12-05:00,0,0
contact\index.html,28,html,af271e14,nadinemarcus,2025-10-13,10:29:09,-07:00,2025-10-13T10:29:09-07:00,1,33
contact\index.html,29,html,51bfbc7b,Nadine Marcus,2025-10-02,20:12:12,-05:00,2025-10-02T20:12:12-05:00,0,5
contact\index.html,30,html,51bfbc7b,Nadine Marcus,2025-10-02,20:12:12,-05:00,2025-10-02T20:12:12-05:00,0,0
contact\index.html,31,html,3af9b5b1,Nadine Marcus,2025-10-02,20:08:21,-05:00,2025-10-02T20:08:21-05:00,0,5
contact\index.html,32,html,3af9b5b1,Nadine Marcus,2025-10-02,20:08:21,-05:00,2025-10-02T20:08:21-05:00,0,5
